date,platform,query_or_thread,product,url_used,posted_reply_url,status,clicks_or_replies,notes
2026-06-02,Google Search Console,sitemap.xml,FormSuite,https://formsuite.dev/sitemap.xml,,submitted/success,,Ownership auto verified; sitemap Success; 147 discovered pages; last read Jun 2 2026
2026-06-02,Google Search Console,URL inspection,FormRanger,https://formsuite.dev/formranger/dynamic-google-forms-dropdown-guide.html,,request-indexing-started,,URL was discovered-currently not indexed; Request indexing clicked; live URL test still processing at interruption
2026-06-02,Reddit,network security block,FormRanger,https://www.reddit.com/r/GoogleForms/comments/11omudd/populate_google_form_drop_down_from_google_sheet/,,blocked,,Reddit blocks agent browser; Google OAuth login did not bypass network block; cannot post from this environment
2026-06-02,Google Docs Help,locked thread,FormRanger,https://support.google.com/docs/thread/188086454/can-you-have-a-drop-down-list-in-google-forms-that-comes-from-a-google-spreadsheet?hl=en,,locked,,High intent but replying disabled
2026-06-02,Google Docs Help,locked thread,FormGuard,https://support.google.com/docs/thread/,,locked,,Found ECA/class-size capacity thread but replying disabled; useful for keyword angle
2026-06-03,Reddit,new thread candidate,FormGuard,https://www.reddit.com/r/GoogleForms/comments/1ttdb5d/does_anyone_know_how_to_allow_set_a_max_number_of/,,candidate,,Google result says 4 comments and 2 days ago; user should test local comment box; cloud browser blocked by Reddit security
2026-06-03,Reddit,newer dropdown candidate,FormRanger,https://www.reddit.com/r/googlesheets/comments/1k1e5d4/how_to_populate_the_linked_google_form_dropdown/,,candidate,,Exact Sheets to Google Forms dropdown query; check local comment box before posting
2026-06-03,Google Docs Help,new dynamic dropdown thread,FormRanger,https://support.google.com/docs/thread/433586372/dynamic-drop-down-lists-from-google-sheet-into-google-forms?hl=en,,locked,,Fresh high-intent keyword but page is soft locked; only Product Experts and original poster can reply
2026-06-03,Google Docs Help,soft locked thread,FormGuard,https://support.google.com/docs/thread/435840098/how-do-i-limit-a-checkbox-question-to-only-allow-one-checkbox-to-be-selected?hl=en,,locked,,Checked in browser; May 22 2026 but soft locked; use as keyword insight only
2026-06-03,Reddit,posted comment,FormGuard,https://www.reddit.com/r/GoogleForms/comments/1ttdb5d/does_anyone_know_how_to_allow_set_a_max_number_of/,,posted,,Posted as Pale_Arm_2457; comment visible 1 minute after posting
2026-06-03,Reddit,archived thread,FormRanger,https://www.reddit.com/r/googlesheets/comments/1k1e5d4/how_to_populate_the_linked_google_form_dropdown/,,archived,,Page says archived; cannot comment or vote
2026-06-03,Google Search Console,URL inspection,FormGuard,https://formsuite.dev/formguard/schedule-google-forms-open-close-guide.html,,indexed,,URL is on Google; Page is indexed; HTTPS OK
2026-06-03,Google Search Console,URL inspection,FormRanger,https://formsuite.dev/formranger/,,indexed,,URL is on Google; Page is indexed; HTTPS OK
2026-06-03,Google Search Console,URL inspection,FormGuard,https://formsuite.dev/formguard/,,indexed,,URL is on Google; Page is indexed; HTTPS OK; video enhancement detected with non-critical issue
2026-06-03,Google Search Console,URL inspection,FormFlow,https://formsuite.dev/formflow/google-forms-approval-workflow-guide.html,,indexed,,URL is on Google; Page is indexed; HTTPS OK
2026-06-03,Google Search Console,URL inspection,FormGuard,https://formsuite.dev/formguard/google-forms-choice-limit.html,,indexing-requested,,URL was not on Google / unknown to Google; Request indexing completed with Indexing requested
2026-06-03,Google Search Console,URL inspection,FormRanger,https://formsuite.dev/formranger/dynamic-google-forms-dropdown-guide.html,,indexed,,URL is on Google; Page is indexed; HTTPS OK; FAQ and video enhancements detected
2026-06-03,Quora,search/posting attempt,FormGuard/FormRanger,https://www.quora.com/search?q=How%20do%20I%20populate%20a%20Google%20Forms%20dropdown%20from%20Google%20Sheets%3F,,blocked,,Quora showed Cloudflare security verification in agent browser; answer drafts saved for manual/local posting
2026-06-03,Quora,How can I get data from Google Sheets to the Google Forms dropdown list?,FormRanger,https://formsuite.dev/formranger/dynamic-google-forms-dropdown-guide.html,https://www.quora.com/How-can-I-get-data-from-Google-Sheets-to-the-Google-Forms-dropdown-list/answer/%E6%9D%8E%E8%BF%9B-3,posted,1 view at verification,Posted directly through user Windows Chrome CDP session; answer visible as 李进 just now
2026-06-03,Reddit,Does anyone know how to allow/set a max number per option,FormGuard,https://formsuite.dev/formguard/google-forms-choice-limit.html,https://www.reddit.com/r/GoogleForms/comments/1ttdb5d/does_anyone_know_how_to_allow_set_a_max_number_of/,blocked,Reddit network security block even via local Windows Chrome,Do not retry immediately; needs normal logged-in manual Reddit browsing/session recovery
2026-06-03,Quora,How do I restrict one response per day by one account in Google Form,FormGuard,https://formsuite.dev/formguard/google-forms-choice-limit.html,https://www.quora.com/How-do-I-restrict-one-response-for-per-day-by-one-account-it-will-be-available-to-response-the-next-day-in-Google-Form/answer/%E6%9D%8E%E8%BF%9B-3?prompt_topic_bio=1,uncertain,Post clicked then Cloudflare security verification page appeared; could not verify answer visibility,May have posted but not confirmed; verify later from normal browser before counting as posted
2026-06-05,Quora,FormGuard old answer visibility verification,FormGuard,https://formsuite.dev/formguard/google-forms-choice-limit.html,https://www.quora.com/How-do-I-restrict-one-response-for-per-day-by-one-account-it-will-be-available-to-response-the-next-day-in-Google-Form/answer/%E6%9D%8E%E8%BF%9B-3?prompt_topic_bio=1,blocked_verification,,Cloudflare challenge in direct HTTP and local Windows Chrome CDP; answer content not visible; do not count as posted
2026-06-05,Google Workspace Marketplace,Store Listing draft review status,FormGuard,https://workspace.google.com/marketplace/app/formguard_google_forms_allinone/410120194423,,draft_rejected,,Console shows app published but latest draft did not pass review; draft title FormGuard - Response Limits & Choice Caps is not live; public title remains FormGuard - Response Limits for Google Forms™
2026-06-05,WebApps.SE,How can I get data from Google Sheets to a Google Forms dropdown list?,FormRanger,https://formsuite.dev/formranger/dynamic-google-forms-dropdown-guide.html,https://webapps.stackexchange.com/questions/137212/how-can-i-get-data-from-google-sheets-to-a-google-forms-dropdown-list,login_required_before_posting,,Exact high-intent thread accessible and answer editor visible on 2026-06-06; not logged in; use normal Stack Exchange account; improved draft saved
2026-06-05,StackOverflow,How to create dynamic dropdown linked in google Forms from sheets,FormRanger,https://formsuite.dev/formranger/dynamic-google-forms-dropdown-guide.html,https://stackoverflow.com/questions/57790185/how-to-create-dynamic-dropdown-linked-in-google-forms-from-sheets,candidate_with_policy_risk,,Developer question; answer must include Apps Script guidance first and disclose own tool if linking
2026-06-05,StackOverflow,Google forms and google sheet integration populate dropdown using appscript,FormRanger,https://formsuite.dev/formranger/dynamic-google-forms-dropdown-guide.html,https://stackoverflow.com/questions/68984393/google-forms-and-google-sheet-integration-populate-datas-of-google-sheet-into,candidate_with_policy_risk,,Exact populate dropdown from Sheet use case; draft saved
2026-06-05,StackOverflow,Multiple sections each with dropdown populated from Google Sheet,FormRanger,https://formsuite.dev/formranger/dynamic-google-forms-dropdown-guide.html,https://stackoverflow.com/questions/78219231/how-to-google-form-with-multiple-sections-each-section-with-a-dropdown-list-po,candidate_with_policy_risk,,Complex multi-dropdown FormRanger fit; draft saved
2026-06-05,WebApps.SE,Multiple choice question based on spreadsheet data,FormRanger,https://formsuite.dev/formranger/dynamic-google-forms-dropdown-guide.html,https://webapps.stackexchange.com/questions/53383/how-do-i-create-a-multiple-choice-question-in-google-forms-based-on-spreadsheet,candidate_with_policy_risk,,Older but scored high-intent WebApps question; draft saved
2026-06-05,Search,Reddit/Bing/DuckDuckGo FormRanger lead search,FormRanger,https://formsuite.dev/formranger/dynamic-google-forms-dropdown-guide.html,,blocked,,Reddit API returned 403 and Bing/DuckDuckGo showed bot challenges; use Stack Exchange API leads instead
2026-06-06,StackOverflow,Can I make dynamic forms with dropdown or multiple choice options from Google sheets?,FormRanger,https://formsuite.dev/formranger/dynamic-google-forms-dropdown-guide.html,https://stackoverflow.com/questions/74529492/can-i-make-dynamic-forms-with-dropdown-or-multiple-choice-options-from-google-sh,candidate_with_policy_risk,,Exact dynamic dropdown/multiple choice from Google Sheets lead; draft added; self-promo risk requires stand-alone technical answer
2026-06-06,StackOverflow,Google Spreadsheet Form populate form options based on a spreadsheet,FormRanger,https://formsuite.dev/formranger/dynamic-google-forms-dropdown-guide.html,https://stackoverflow.com/questions/8084953/google-spreadsheet-form-populate-form-options-based-on-a-spreadsheet,candidate_with_policy_risk,,High-view evergreen populate form options from spreadsheet lead; draft added; self-promo risk requires disclosure and one link max
2026-06-06,StackOverflow,How to automatically update dropdown in a Google Form based on range in Google Sheets?,FormRanger,https://formsuite.dev/formranger/dynamic-google-forms-dropdown-guide.html,https://stackoverflow.com/questions/60805150/how-to-automatically-update-dropdown-in-a-google-form-based-on-range-in-google-s,candidate_with_policy_risk,,Exact auto-update dropdown from Sheets range lead; draft added; self-promo risk requires stand-alone Apps Script guidance
2026-06-06,Active Search Results,Search engine add URL submission,FormRanger,https://formsuite.dev/formranger/dynamic-google-forms-dropdown-guide.html,https://www.activesearchresults.com/addwebsite.php,submitted_confirmation,,Submitted FormRanger guide URL with support@formsuite.dev; page showed Added Web Site Confirmation
2026-06-06,Active Search Results,Search engine add URL submission,FormRanger,https://formsuite.dev/formranger/,https://www.activesearchresults.com/addwebsite.php,submitted_confirmation,,Submitted FormRanger product URL with support@formsuite.dev; page showed Added Web Site Confirmation
2026-06-06,Tiny Startups,Submit startup,FormRanger/FormSuite,https://formsuite.dev/formranger/dynamic-google-forms-dropdown-guide.html,https://www.tinystartups.com/submit,login_required,,Submission page requires sign-in; not usable without account login
2026-06-06,BetaList,Submit startup,FormRanger/FormSuite,https://formsuite.dev/,https://betalist.com/submissions/new,login_required,,Submit flow redirects to sign-in; skip unless user wants to log in
2026-06-06,Startup Fame,Submit startup,FormRanger/FormSuite,https://formsuite.dev/,https://startupfa.me/submit-startup/,broken_or_login_required,,Documented submit URL returned Page not found; footer submit goes to login
2026-06-06,AlternativeTo,Submit software,FormRanger/FormSuite,https://formsuite.dev/formranger/,https://alternativeto.net/software/submit/,broken_or_login_required,,Old submit URL returned 404; AlternativeTo likely requires logged-in add-app flow
2026-06-06,Fazier,Submit product,FormRanger/FormSuite,https://formsuite.dev/formranger/,https://fazier.com/submit,blocked_by_backlink_or_paid_flow,,Free Basic requires embedding Fazier backlink/badge on homepage; paid plans available; no public submission made
